member_casual,avg_ride_length,total_trips
casual,19.888085857084384,1926055
member,12.133933367014102,3512390
